<?xml version="1.0"?>
<ProjectRoot xmlns:xsi="http://www.w3.org/2001/XMLSchema-instance" xmlns:xsd="http://www.w3.org/2001/XMLSchema">
  <Description>Fubu-inspired dependency management</Description>
  <GitHubPage>https://github.com/DarthFubuMVC/ripple</GitHubPage>
  <UserGroupUrl>https://groups.google.com/forum/?fromgroups#!forum/fubumvc-devel</UserGroupUrl>
  <BuildServerUrl>http://build.fubu-project.org/project.html?projectId=project53</BuildServerUrl>
  <BottleName>ripple.Docs</BottleName>
  <PluginTo />
  <Name>ripple</Name>
</ProjectRoot>